,,0,frequency,freq_cpg,odds,trinucl
ACA,AAA,0,0.00865869933013723,0.007995926960084072,0.9234558973833019,ACA
ACG,AAG,1,0.001188191538869371,0.011679224609907977,9.829412369845182,ACG
ACT,AAT,2,0.007005765408700261,0.007520841838868733,1.0735217924266796,ACT
ACC,AAC,3,0.004899309566529036,0.01469113500022787,2.9986133353553224,ACC
ACA,AGA,4,0.00865869933013723,0.007995926960084072,0.9234558973833019,ACA
ACG,AGG,5,0.001188191538869371,0.011679224609907977,9.829412369845182,ACG
ACT,AGT,6,0.007005765408700261,0.007520841838868733,1.0735217924266796,ACT
ACC,AGC,7,0.004899309566529036,0.01469113500022787,2.9986133353553224,ACC
ACA,ATA,8,0.00865869933013723,0.007995926960084072,0.9234558973833019,ACA
ACG,ATG,9,0.001188191538869371,0.011679224609907977,9.829412369845182,ACG
ACT,ATT,10,0.007005765408700261,0.007520841838868733,1.0735217924266796,ACT
ACC,ATC,11,0.004899309566529036,0.01469113500022787,2.9986133353553224,ACC
ATA,AAA,12,0.008722507136552746,0.0017580662531789214,0.20155515216623066,ATA
ATG,AAG,13,0.008070522412581391,0.006487169656947066,0.8038103762445432,ATG
ATT,AAT,14,0.010992790788688473,0.0034392062983454987,0.3128601612144229,ATT
ATC,AAC,15,0.005663726841281719,0.006095852634699179,1.076297075322875,ATC
ATA,ACA,16,0.008722507136552746,0.0017580662531789214,0.20155515216623066,ATA
ATG,ACG,17,0.008070522412581391,0.006487169656947066,0.8038103762445432,ATG
ATT,ACT,18,0.010992790788688473,0.0034392062983454987,0.3128601612144229,ATT
ATC,ACC,19,0.005663726841281719,0.006095852634699179,1.076297075322875,ATC
ATA,AGA,20,0.008722507136552746,0.0017580662531789214,0.20155515216623066,ATA
ATG,AGG,21,0.008070522412581391,0.006487169656947066,0.8038103762445432,ATG
ATT,AGT,22,0.010992790788688473,0.0034392062983454987,0.3128601612144229,ATT
ATC,AGC,23,0.005663726841281719,0.006095852634699179,1.076297075322875,ATC
GCA,GAA,24,0.00636201264009148,0.018803922124254132,2.9556562031577083,GCA
GCG,GAG,25,0.0010739274691908083,0.03152220785924212,29.352268904150232,GCG
GCT,GAT,26,0.0062068885777552115,0.021795166949244868,3.511448075184769,GCT
GCC,GAC,27,0.005119280535014801,0.039365549826803,7.689664506086535,GCC
GCA,GGA,28,0.00636201264009148,0.018803922124254132,2.9556562031577083,GCA
GCG,GGG,29,0.0010739274691908083,0.03152220785924212,29.352268904150232,GCG
GCT,GGT,30,0.0062068885777552115,0.021795166949244868,3.511448075184769,GCT
GCC,GGC,31,0.005119280535014801,0.039365549826803,7.689664506086535,GCC
GCA,GTA,32,0.00636201264009148,0.018803922124254132,2.9556562031577083,GCA
GCG,GTG,33,0.0010739274691908083,0.03152220785924212,29.352268904150232,GCG
GCT,GTT,34,0.0062068885777552115,0.021795166949244868,3.511448075184769,GCT
GCC,GTC,35,0.005119280535014801,0.039365549826803,7.689664506086535,GCC
GTA,GAA,36,0.0048541734554229075,0.004066066203279226,0.8376433682518625,GTA
GTG,GAG,37,0.006291406353807315,0.01638351424043168,2.6041100064244,GTG
GTT,GAT,38,0.0064015679368320255,0.0069265184724030355,1.0820034311517117,GTT
GTC,GAC,39,0.004303768719477346,0.014019486466460849,3.2574906739327267,GTC
GTA,GCA,40,0.0048541734554229075,0.004066066203279226,0.8376433682518625,GTA
GTG,GCG,41,0.006291406353807315,0.01638351424043168,2.6041100064244,GTG
GTT,GCT,42,0.0064015679368320255,0.0069265184724030355,1.0820034311517117,GTT
GTC,GCC,43,0.004303768719477346,0.014019486466460849,3.2574906739327267,GTC
GTA,GGA,44,0.0048541734554229075,0.004066066203279226,0.8376433682518625,GTA
GTG,GGG,45,0.006291406353807315,0.01638351424043168,2.6041100064244,GTG
GTT,GGT,46,0.0064015679368320255,0.0069265184724030355,1.0820034311517117,GTT
GTC,GGC,47,0.004303768719477346,0.014019486466460849,3.2574906739327267,GTC
TCA,TAA,48,0.008529856061102015,0.008851718665943436,1.0377336501971215,TCA
TCG,TAG,49,0.0009433546408743266,0.011906984797100102,12.621960269432062,TCG
TCT,TAT,50,0.009822306505149913,0.01060991035799421,1.0801852245632277,TCT
TCC,TAC,51,0.006951599086745486,0.022691895927999275,3.2642699391663115,TCC
TCA,TGA,52,0.008529856061102015,0.008851718665943436,1.0377336501971215,TCA
TCG,TGG,53,0.0009433546408743266,0.011906984797100102,12.621960269432062,TCG
TCT,TGT,54,0.009822306505149913,0.01060991035799421,1.0801852245632277,TCT
TCC,TGC,55,0.006951599086745486,0.022691895927999275,3.2642699391663115,TCC
TCA,TTA,56,0.008529856061102015,0.008851718665943436,1.0377336501971215,TCA
TCG,TTG,57,0.0009433546408743266,0.011906984797100102,12.621960269432062,TCG
TCT,TTT,58,0.009822306505149913,0.01060991035799421,1.0801852245632277,TCT
TCC,TTC,59,0.006951599086745486,0.022691895927999275,3.2642699391663115,TCC
TTA,TAA,60,0.009454357900457925,0.0027483715606538514,0.2906989125639863,TTA
TTG,TAG,61,0.00803903232260419,0.007379461411738156,0.9179539421664659,TTG
TTT,TAT,62,0.01619878299717355,0.005036304988067049,0.31090638037103224,TTT
TTC,TAC,63,0.009153398259764673,0.01079400974192258,1.1792352343467336,TTC
TTA,TCA,64,0.009454357900457925,0.0027483715606538514,0.2906989125639863,TTA
TTG,TCG,65,0.00803903232260419,0.007379461411738156,0.9179539421664659,TTG
TTT,TCT,66,0.01619878299717355,0.005036304988067049,0.31090638037103224,TTT
TTC,TCC,67,0.009153398259764673,0.01079400974192258,1.1792352343467336,TTC
TTA,TGA,68,0.009454357900457925,0.0027483715606538514,0.2906989125639863,TTA
TTG,TGG,69,0.00803903232260419,0.007379461411738156,0.9179539421664659,TTG
TTT,TGT,70,0.01619878299717355,0.005036304988067049,0.31090638037103224,TTT
TTC,TGC,71,0.009153398259764673,0.01079400974192258,1.1792352343467336,TTC
CCA,CAA,72,0.007757720058766665,0.019941379118165552,2.570520586861169,CCA
CCG,CAG,73,0.0013125606215320512,0.03375731554758961,25.718671575098213,CCG
CCT,CAT,74,0.007904848014445784,0.023049901690947082,2.915919654473348,CCT
CCC,CAC,75,0.00630192368778565,0.028001023704037134,4.443250202840214,CCC
CCA,CGA,76,0.007757720058766665,0.019941379118165552,2.570520586861169,CCA
CCG,CGG,77,0.0013125606215320512,0.03375731554758961,25.718671575098213,CCG
CCT,CGT,78,0.007904848014445784,0.023049901690947082,2.915919654473348,CCT
CCC,CGC,79,0.00630192368778565,0.028001023704037134,4.443250202840214,CCC
CCA,CTA,80,0.007757720058766665,0.019941379118165552,2.570520586861169,CCA
CCG,CTG,81,0.0013125606215320512,0.03375731554758961,25.718671575098213,CCG
CCT,CTT,82,0.007904848014445784,0.023049901690947082,2.915919654473348,CCT
CCC,CTC,83,0.00630192368778565,0.028001023704037134,4.443250202840214,CCC
CTA,CAA,84,0.005565324991963681,0.004417283454718004,0.7937152746868427,CTA
CTG,CAG,85,0.009002245134921037,0.024851258532816427,2.760562299777278,CTG
CTT,CAT,86,0.009248086884330124,0.010556117943566052,1.1414380158400377,CTT
CTC,CAC,87,0.0071448922343525095,0.022420178119611174,3.1379309000372846,CTC
CTA,CCA,88,0.005565324991963681,0.004417283454718004,0.7937152746868427,CTA
CTG,CCG,89,0.009002245134921037,0.024851258532816427,2.760562299777278,CTG
CTT,CCT,90,0.009248086884330124,0.010556117943566052,1.1414380158400377,CTT
CTC,CCC,91,0.0071448922343525095,0.022420178119611174,3.1379309000372846,CTC
CTA,CGA,92,0.005565324991963681,0.004417283454718004,0.7937152746868427,CTA
CTG,CGG,93,0.009002245134921037,0.024851258532816427,2.760562299777278,CTG
CTT,CGT,94,0.009248086884330124,0.010556117943566052,1.1414380158400377,CTT
CTC,CGC,95,0.0071448922343525095,0.022420178119611174,3.1379309000372846,CTC
